Source,Target,Type,Id,Label,Weight
1,101,Undirected,,v数と<>v数,
1,102,Undirected,,v数と<>O限,
101,10101,Undirected,,v数<>区g,
102,10201,Undirected,,O限<>数列のO限,
102,10202,Undirected,,O限<>v数のO限,
10201,1020101,Undirected,,数列のO限<>束とk散,
10202,1020201,Undirected,,v数のO限<>O限存在定理,
10202,1020103,Undirected,,v数のO限<>コ`シ`の束判定定理,
10202,102010101,Undirected,,v数のO限<>束定理,
101,10102,Undirected,,v数<>逆v数,
1,103,Undirected,,v数と<>涫,
101,10103,Undirected,,v数<>合成v数,
101,10104,Undirected,,v数<>座,
10104,1010401,Undirected,,座<>O座,
1020101,102010101,Undirected,,束とk散<>束定理,
1020101,1020103,Undirected,,束とk散<>コ`シ`の束判定定理,
1020101,1020102,Undirected,,束とk散<>はさみうちの定理,
102,2010301,Undirected,,O限<>BA,
2,201,Undirected,,чv数<>微分S数,
2,202,Undirected,,чv数<>接,
2,203,Undirected,,чv数<>微分,
201,20101,Undirected,,微分S数<>平均浠率,
201,20102,Undirected,,微分S数<>瞬g浠率,
201,20103,Undirected,,微分S数<>微分可能,
20101,20102,Undirected,,平均浠率<>瞬g浠率,
102,20103,Undirected,,O限<>微分可能,
2,20103,Undirected,,чv数<>微分可能,
20103,2010301,Undirected,,微分可能<>BA,
203,20301,Undirected,,微分<>o限小,
203,20302,Undirected,,微分<>微分商,
203,20103,Undirected,,微分<>微分可能,
2,20104,Undirected,,чv数<>чv数の算公式と定理,
203,20303,Undirected,,微分<>相`差,
2,3,Undirected,,чv数<>不定e分とчv数の算,
3,301,Undirected,,不定e分とчv数の算<>原始v数,
3,302,Undirected,,不定e分とчv数の算<>合成v数の微分,
3,303,Undirected,,不定e分とчv数の算<>置Qe分法,
3,305,Undirected,,不定e分とчv数の算<>部分e分法,
301,30101,Undirected,,原始v数<>e分定数,
301,30102,Undirected,,原始v数<>e分の算定理,
302,20103,Undirected,,合成v数の微分<>微分可能,
10102,30401,Undirected,,逆v数<>g{性,
10102,30402,Undirected,,逆v数<>逆v数の微分算,
305,20103,Undirected,,部分e分法<>微分可能,
4,402,Undirected,,指数v数と数v数<>指数v数と数v数のчv数,
4,403,Undirected,,指数v数と数v数<>数微分法,
4,404,Undirected,,指数v数と数v数<>双曲v数,
4,40101,Undirected,,指数v数と数v数<>2定理,
4,40102,Undirected,,指数v数と数v数<>自然数,
402,40201,Undirected,,指数v数と数v数のчv数<>数v数の微分,
402,40202,Undirected,,指数v数と数v数のчv数<>指数v数の微分,
2,402,Undirected,,чv数<>指数v数と数v数のчv数,
203,40201,Undirected,,微分<>数v数の微分,
203,40202,Undirected,,微分<>指数v数の微分,
40201,403,Undirected,,数v数の微分<>数微分法,
404,40401,Undirected,,双曲v数<>双曲v数の公式,
404,40402,Undirected,,双曲v数<>双曲v数のчv数,
5,501,Undirected,,三角v数と逆三角v数<>三角v数,
5,502,Undirected,,三角v数と逆三角v数<>三角v数のчv数,
5,503,Undirected,,三角v数と逆三角v数<>逆三角v数,
501,50101,Undirected,,三角v数<>倍角の公式,
501,50102,Undirected,,三角v数<>半角の公式,
501,50103,Undirected,,三角v数<>三角v数の加法定理,
501,50104,Undirected,,三角v数<>周期v数,
2,502,Undirected,,чv数<>三角v数のчv数,
10102,503,Undirected,,逆v数<>逆三角v数,
502,3,Undirected,,三角v数のчv数<>不定e分とчv数の算,
6,602,Undirected,,有理v数の不定e分<>有理v数のe分に⒆扭丹欷敕e分,
6,60101,Undirected,,有理v数の不定e分<>部分分数分解,
3,6,Undirected,,不定e分とчv数の算<>有理v数の不定e分,
7,702,Undirected,,定e分<>微分e分学の基本定理,
7,70101,Undirected,,定e分<>e分可能,
7,70102,Undirected,,定e分<>区分求e法,
7,70103,Undirected,,定e分<>定e分の算,
702,70201,Undirected,,微分e分学の基本定理<>e分の平均の定理,
702,301,Undirected,,微分e分学の基本定理<>原始v数,
7,303,Undirected,,定e分<>置Qe分法,
7,305,Undirected,,定e分<>部分e分法,
7,70104,Undirected,,定e分<>リ`マン和,
70101,2010301,Undirected,,e分可能<>BA,
8,80101,Undirected,,平均の定理<>コ`シ`の平均の定理,
8,2010301,Undirected,,平均の定理<>BA,
8,20103,Undirected,,平均の定理<>微分可能,
8,80102,Undirected,,平均の定理<>ロルの定理,
8,70201,Undirected,,平均の定理<>e分の平均の定理,
8,802,Undirected,,平均の定理<>不定形のO限,
802,80201,Undirected,,不定形のO限<>ロピタルの定理,
802,102,Undirected,,不定形のO限<>O限,
802,20103,Undirected,,不定形のO限<>微分可能,
9,901,Undirected,,テイラ`の定理<>高Aчv数,
2,901,Undirected,,чv数<>高Aчv数,
901,20103,Undirected,,高Aчv数<>微分可能,
90201,90203,Undirected,,テイラ`展_<>余,
90203,9020301,Undirected,,余<>ラグランジュの余,
90203,9020302,Undirected,,余<>コ`シ`の余,
90204,90202,Undirected,,マクロ`リンの定理<>マクロ`リン展_,
90201,90204,Undirected,,テイラ`展_<>マクロ`リンの定理,
90202,3,Undirected,,マクロ`リン展_<>不定e分とчv数の算,
9,90202,Undirected,,テイラ`の定理<>マクロ`リン展_,
901,90101,Undirected,,高Aчv数<>ライプニッツの公式,
10,101,Undirected,,"v数の加とp少,O<>v数",
10,3,Undirected,,"v数の加とp少,O<>不定e分とчv数の算",
10,1001,Undirected,,"v数の加とp少,O<>v数のp",
10,1002,Undirected,,"v数の加とp少,O<>O大とO小",
10,1003,Undirected,,"v数の加とp少,O<>v数の凹凸",
1002,2010301,Undirected,,O大とO小<>BA,
1003,100301,Undirected,,v数の凹凸<>淝点,
1003,20103,Undirected,,v数の凹凸<>微分可能,
11,1101,Undirected,,e分の<>诹xe分,
11,1102,Undirected,,e分の<>ガンマv数とベ`タv数,
1101,110101,Undirected,,诹xe分<>有限区gにおける诹xe分,
1101,110102,Undirected,,诹xe分<>特e分,
1101,110103,Undirected,,诹xe分<>o限区gにおける诹xe分,
110103,1020103,Undirected,,o限区gにおける诹xe分<>コ`シ`の束判定定理,
12,1201,Undirected,,面eと体e<>面e,
12,1202,Undirected,,面eと体e<>曲のLさ,
12,1203,Undirected,,面eと体e<>回体の体e,
12,1204,Undirected,,面eと体e<>回体の让娣e,
12,7,Undirected,,面eと体e<>定e分,
13,1301,Undirected,,平面曲<>曲のパラメ`タ`表示,
13,1302,Undirected,,平面曲<>曲率,
13,1303,Undirected,,平面曲<>伸_とs],
1301,20103,Undirected,,曲のパラメ`タ`表示<>微分可能,
1301,130101,Undirected,,曲のパラメ`タ`表示<>接ベクトル,
1301,130102,Undirected,,曲のパラメ`タ`表示<>法ベクトル,
3,1302,Undirected,,不定e分とчv数の算<>曲率,
1302,130201,Undirected,,曲率<>曲率半径,
1302,130202,Undirected,,曲率<>曲率,
1302,1303,Undirected,,曲率<>伸_とs],
1303,130201,Undirected,,伸_とs]<>曲率半径,
1302,1201,Undirected,,曲率<>面e,
1302,1202,Undirected,,曲率<>曲のLさ,
14,1401,Undirected,,数<>o限数,
14,1402,Undirected,,数<>テイラ`数,
1401,140101,Undirected,,o限数<>正数,
1401,140102,Undirected,,o限数<>コ`シ`の判定法,
1401,140103,Undirected,,o限数<>e分の数の束への暧,
1401,10201,Undirected,,o限数<>数列のO限,
140101,1020101,Undirected,,正数<>束とk散,
1402,90201,Undirected,,テイラ`数<>テイラ`展_,
1401,140104,Undirected,,o限数<>束半径,
14,1403,Undirected,,数<>等比数,
14,1404,Undirected,,数<>整数,
140103,140104,Undirected,,e分の数の束への暧<>束半径,
1401,140105,Undirected,,o限数<>ダランベ`ルの判定法,
1402,1404,Undirected,,テイラ`数<>整数,
1402,140201,Undirected,,テイラ`数<>e微分とe分,
140201,140104,Undirected,,e微分とe分<>束半径,
1404,140104,Undirected,,整数<>束半径,
15,1501,Undirected,,微分方程式<>微分方程式解のN,
15,1502,Undirected,,微分方程式<>1A常微分方程式,
15,1503,Undirected,,微分方程式<>2A形微分方程式,
1501,150101,Undirected,,微分方程式解のN<>初期条件,
1502,150201,Undirected,,1A常微分方程式<>同次形,
1503,150301,Undirected,,2A形微分方程式<>基本解,
